time,varA,varB,varC
2025-01-01 00:00:00,0.52410513,0.8797911,0.480816
2025-01-01 01:00:00,0.66475284,0.816917,0.5685961
2025-01-01 02:00:00,0.6583264,0.8770409,0.520362
2025-01-01 03:00:00,0.6027362,0.97386795,0.48281738
2025-01-01 04:00:00,0.6886314,0.86799586,0.72695917
2025-01-01 05:00:00,0.63649815,0.9945213,0.60140544
2025-01-01 06:00:00,0.53064567,1.0015107,0.600175
2025-01-01 07:00:00,0.6288265,0.88798213,0.5351246
2025-01-01 08:00:00,0.5221987,1.0591125,0.53589046
2025-01-01 09:00:00,0.6684132,1.0537037,0.6165901
2025-01-01 10:00:00,0.5930161,1.0223649,0.52638227
2025-01-01 11:00:00,0.58073926,0.9693865,0.56081027
2025-01-01 12:00:00,0.53921723,0.9775595,0.49190715
2025-01-01 13:00:00,0.6893037,1.0189624,0.4693001
2025-01-01 14:00:00,0.576593,1.120812,0.3730619
2025-01-01 15:00:00,0.55179054,1.016127,0.31620026
2025-01-01 16:00:00,0.5546349,1.1424875,0.44216833
2025-01-01 17:00:00,0.6217874,1.0227867,0.45615909
2025-01-01 18:00:00,0.6044844,1.1201671,0.33717367
2025-01-01 19:00:00,0.60396385,1.1593493,0.42561468
2025-01-01 20:00:00,0.600759,1.359986,0.4208707
2025-01-01 21:00:00,0.7326262,1.067696,0.23218271
2025-01-01 22:00:00,0.5234367,1.3088498,0.31944603
2025-01-01 23:00:00,0.5092823,1.2159802,0.41313592
2025-01-02 00:00:00,0.47912967,1.2494814,0.39932913
2025-01-02 01:00:00,0.5871396,1.2383358,0.2637971
2025-01-02 02:00:00,0.62147087,1.2764068,0.35641605
2025-01-02 03:00:00,0.51499325,1.2401698,0.41310963
2025-01-02 04:00:00,0.44951922,1.3800945,0.3809937
2025-01-02 05:00:00,0.44306493,1.2382237,0.2986551
2025-01-02 06:00:00,0.55303425,1.3759516,0.25623518
2025-01-02 07:00:00,0.5520849,1.2441103,0.23067142
2025-01-02 08:00:00,0.52739197,1.3007774,0.30574673
2025-01-02 09:00:00,0.42169413,1.2294247,0.2711938
2025-01-02 10:00:00,0.48418638,1.3608099,0.2931698
2025-01-02 11:00:00,0.46531364,1.4488821,0.24057314
2025-01-02 12:00:00,0.46352905,1.3355812,0.28270936
2025-01-02 13:00:00,0.5054968,1.3341458,0.21194576
2025-01-02 14:00:00,0.44311592,1.2684801,0.25431412
2025-01-02 15:00:00,0.4686877,1.3466806,0.24836239
2025-01-02 16:00:00,0.40863204,1.2445931,0.10149401
2025-01-02 17:00:00,0.41491494,1.3055937,0.008372158
2025-01-02 18:00:00,0.43056083,1.4029853,0.26368412
2025-01-02 19:00:00,0.2514743,1.4961897,0.14793795
2025-01-02 20:00:00,0.3301833,1.6208364,-0.022528023
2025-01-02 21:00:00,0.3055631,1.3542054,0.044781435
2025-01-02 22:00:00,0.27924874,1.5205877,0.15092984
2025-01-02 23:00:00,0.2952484,1.4294913,0.054140218
2025-01-03 00:00:00,0.42349523,1.4017118,0.022931967
2025-01-03 01:00:00,0.22101799,1.4518305,0.16340275
2025-01-03 02:00:00,0.35388044,1.4251761,-0.044956505
2025-01-03 03:00:00,0.12767681,1.4316405,-0.03746727
2025-01-03 04:00:00,0.22116327,1.3923124,0.030924235
2025-01-03 05:00:00,0.2463866,1.3148823,0.03295314
2025-01-03 06:00:00,0.26544675,1.3045735,0.02920841
2025-01-03 07:00:00,0.26040488,1.4812342,0.050270528
2025-01-03 08:00:00,0.25171372,1.4073267,-0.018780818
2025-01-03 09:00:00,0.14487377,1.3818393,-0.007457707
2025-01-03 10:00:00,0.120101884,1.429845,-0.07918465
2025-01-03 11:00:00,0.2098443,1.4919704,-0.06516428
2025-01-03 12:00:00,0.10982235,1.4415885,-0.07319723
2025-01-03 13:00:00,0.006802112,1.37303,-0.07609457
2025-01-03 14:00:00,0.0017407462,1.5215435,-0.04287875
2025-01-03 15:00:00,0.002216436,1.5472707,-0.07152262
2025-01-03 16:00:00,0.09874277,1.457566,-0.12351616
2025-01-03 17:00:00,0.053395763,1.4925296,-0.20276567
2025-01-03 18:00:00,0.08011334,1.510198,-0.14346124
2025-01-03 19:00:00,-0.026585195,1.4970231,-0.1618089
2025-01-03 20:00:00,0.002852628,1.4510864,-0.1546534
2025-01-03 21:00:00,0.02265132,1.4447393,-0.0039698333
2025-01-03 22:00:00,-0.06984161,1.4329282,-0.23261657
2025-01-03 23:00:00,-0.026376344,1.2976229,-0.16698852
2025-01-04 00:00:00,-0.13381617,1.4350939,-0.1251818
2025-01-04 01:00:00,-0.12796292,1.2637699,-0.21253087
2025-01-04 02:00:00,-0.14762007,1.3014392,-0.04287727
2025-01-04 03:00:00,-0.23100993,1.4616396,-0.2694983
2025-01-04 04:00:00,-0.1147385,1.4164952,-0.2224913
2025-01-04 05:00:00,-0.20968744,1.4597703,-0.32129487
2025-01-04 06:00:00,-0.18965253,1.3101243,-0.29428896
2025-01-04 07:00:00,-0.17078014,1.2303393,-0.25482953
2025-01-04 08:00:00,-0.19216913,1.293528,-0.21541402
2025-01-04 09:00:00,-0.19336975,1.3107538,-0.26575828
2025-01-04 10:00:00,-0.27323794,1.298326,-0.19851336
2025-01-04 11:00:00,-0.31802365,1.3717064,-0.3145826
2025-01-04 12:00:00,-0.30937332,1.2407069,-0.34108388
2025-01-04 13:00:00,-0.4568469,1.2859622,-0.10549548
2025-01-04 14:00:00,-0.4565139,1.1664973,-0.29735506
2025-01-04 15:00:00,-0.4654591,1.269001,-0.39330465
2025-01-04 16:00:00,-0.45832753,1.2202154,-0.3979088
2025-01-04 17:00:00,-0.3654691,1.1465787,-0.42416978
2025-01-04 18:00:00,-0.48878413,1.1739041,-0.27998105
2025-01-04 19:00:00,-0.46547788,1.1638556,-0.38996822
2025-01-04 20:00:00,-0.35014236,1.1424128,-0.35629836
2025-01-04 21:00:00,-0.5014069,1.2907883,-0.3769926
2025-01-04 22:00:00,-0.4326922,1.1258847,-0.31856963
2025-01-04 23:00:00,-0.58512497,1.0985558,-0.44975567
2025-01-05 00:00:00,-0.5455602,0.9342106,-0.47273675
2025-01-05 01:00:00,-0.6237568,1.0140449,-0.37316772
2025-01-05 02:00:00,-0.5934405,1.0477507,-0.34719858
2025-01-05 03:00:00,-0.5175811,0.9967885,-0.372578
2025-01-05 04:00:00,-0.7413973,1.1447023,-0.46758175
2025-01-05 05:00:00,-0.5867748,1.003134,-0.35200912
2025-01-05 06:00:00,-0.6207305,1.1012267,-0.46883512
2025-01-05 07:00:00,-0.7053989,0.9845727,-0.453902
2025-01-05 08:00:00,-0.7915576,0.96376896,-0.4902808
2025-01-05 09:00:00,-0.6879908,0.93451506,-0.31298894
2025-01-05 10:00:00,-0.7538835,0.92242944,-0.36845514
2025-01-05 11:00:00,-0.7105408,1.0398211,-0.37250564
2025-01-05 12:00:00,-0.74489814,0.69663006,-0.32263243
2025-01-05 13:00:00,-0.6358491,0.70165217,-0.19862871
2025-01-05 14:00:00,-0.80033123,0.79760027,-0.5613363
2025-01-05 15:00:00,-0.88009363,0.8212016,-0.48435137
2025-01-05 16:00:00,-0.8007356,0.8539457,-0.47498316
2025-01-05 17:00:00,-0.8141675,0.81500125,-0.49388707
2025-01-05 18:00:00,-0.73954076,0.72455674,-0.51188445
2025-01-05 19:00:00,-0.7977878,0.8146926,-0.4492301
2025-01-05 20:00:00,-0.8521732,0.79319555,-0.52188975
2025-01-05 21:00:00,-0.77958375,0.70285875,-0.39678535
2025-01-05 22:00:00,-1.0074668,0.74225146,-0.41820365
2025-01-05 23:00:00,-0.97904897,0.6639122,-0.38233173
2025-01-06 00:00:00,-1.0172774,0.5738069,-0.3783946
2025-01-06 01:00:00,-0.9893918,0.65094614,-0.3686955
2025-01-06 02:00:00,-1.0831637,0.5801423,-0.4444569
2025-01-06 03:00:00,-0.93679917,0.5473566,-0.24226664
2025-01-06 04:00:00,-1.0197256,0.6408328,-0.39030394
2025-01-06 05:00:00,-1.1336967,0.3024716,-0.5548847
2025-01-06 06:00:00,-1.1111052,0.36047667,-0.48263168
2025-01-06 07:00:00,-1.0183403,0.35408834,-0.53796697
2025-01-06 08:00:00,-0.9896642,0.39497474,-0.39335555
2025-01-06 09:00:00,-0.90999335,0.37847543,-0.400234
2025-01-06 10:00:00,-0.84935904,0.25290096,-0.42344415
2025-01-06 11:00:00,-1.0617646,0.26915854,-0.22031148
2025-01-06 12:00:00,-1.1862377,0.25343716,-0.33221853
2025-01-06 13:00:00,-1.2894976,0.49308825,-0.312739
2025-01-06 14:00:00,-1.1090734,0.41468817,-0.4397425
2025-01-06 15:00:00,-1.206774,0.21153498,-0.43935987
2025-01-06 16:00:00,-1.1859021,0.18919381,-0.35039935
2025-01-06 17:00:00,-1.2122577,0.1000375,-0.3331648
2025-01-06 18:00:00,-1.1848466,0.012911156,-0.48892045
2025-01-06 19:00:00,-1.0982703,0.12970257,-0.34800097
2025-01-06 20:00:00,-1.1806175,0.032627076,-0.3253647
2025-01-06 21:00:00,-1.2151675,0.07898752,-0.33637226
2025-01-06 22:00:00,-1.2942824,-0.06899326,-0.37666023
2025-01-06 23:00:00,-1.3540121,-0.028752718,-0.34694147
2025-01-07 00:00:00,-1.2671992,0.017219901,-0.30988112
2025-01-07 01:00:00,-1.2404994,0.0077020675,-0.2801895
2025-01-07 02:00:00,-1.1023066,-0.015162978,-0.23056152
2025-01-07 03:00:00,-1.2405008,-0.18119925,-0.18374094
2025-01-07 04:00:00,-1.1791192,-0.034209467,-0.2847984
2025-01-07 05:00:00,-1.3041277,-0.19364282,-0.28856477
2025-01-07 06:00:00,-1.3650523,-0.10604794,-0.20766447
2025-01-07 07:00:00,-1.3531617,-0.1845791,-0.18420106
2025-01-07 08:00:00,-1.3392862,-0.32088295,-0.25798726
2025-01-07 09:00:00,-1.1159232,-0.26309675,-0.1499967
2025-01-07 10:00:00,-1.3564578,-0.23557723,-0.12463624
2025-01-07 11:00:00,-1.2278252,-0.24274264,-0.08924531
2025-01-07 12:00:00,-1.3709037,-0.3299935,-0.039697558
2025-01-07 13:00:00,-1.2275151,-0.22305822,-0.24046981
2025-01-07 14:00:00,-1.2742188,-0.29182988,-0.15905198
2025-01-07 15:00:00,-1.3201209,-0.41973004,-0.14808744
2025-01-07 16:00:00,-1.3130242,-0.3658822,-0.14548461
2025-01-07 17:00:00,-1.3639163,-0.29780304,-0.17805544
2025-01-07 18:00:00,-1.2772118,-0.3221941,-0.23326659
2025-01-07 19:00:00,-1.350253,-0.6037029,-0.09515126
2025-01-07 20:00:00,-1.4124506,-0.60591215,-0.15201813
2025-01-07 21:00:00,-1.4167745,-0.43920988,-0.07149961
2025-01-07 22:00:00,-1.3004577,-0.66875994,-0.12958242
2025-01-07 23:00:00,-1.1872491,-0.7158674,-0.14156628
2025-01-08 00:00:00,-1.2996751,-0.6747902,-0.022243872
2025-01-08 01:00:00,-1.3204478,-0.6279643,-0.016172852
2025-01-08 02:00:00,-1.2861568,-0.6953106,0.030967187
2025-01-08 03:00:00,-1.2021921,-0.76454103,0.17249022
2025-01-08 04:00:00,-1.2863535,-0.7916439,0.0329213
2025-01-08 05:00:00,-1.3335925,-0.81973016,0.06277637
2025-01-08 06:00:00,-1.2086111,-0.857959,-0.048893437
2025-01-08 07:00:00,-1.2587916,-0.62973356,-0.05219465
2025-01-08 08:00:00,-1.165791,-0.8129319,0.19093007
2025-01-08 09:00:00,-1.2691344,-0.7900571,0.004064709
2025-01-08 10:00:00,-1.3764745,-0.9241773,0.008155398
2025-01-08 11:00:00,-1.3822765,-0.92376244,0.1023543
2025-01-08 12:00:00,-1.1346393,-0.9895788,0.1121553
2025-01-08 13:00:00,-1.1222944,-1.1680074,0.06113112
2025-01-08 14:00:00,-1.267608,-1.0892473,0.12296093
2025-01-08 15:00:00,-1.2765466,-1.1467448,0.25979722
2025-01-08 16:00:00,-1.1212081,-1.204513,0.111111075
2025-01-08 17:00:00,-1.3185078,-1.142533,0.07828969
2025-01-08 18:00:00,-1.2929327,-0.9630142,0.27942824
2025-01-08 19:00:00,-1.1608901,-1.0943984,0.25768
2025-01-08 20:00:00,-1.2345202,-1.0091501,0.18296239
2025-01-08 21:00:00,-1.1935515,-1.1007811,0.120364964
2025-01-08 22:00:00,-1.1960049,-1.092026,0.2017242
2025-01-08 23:00:00,-1.1453098,-1.2473735,0.27128834
2025-01-09 00:00:00,-1.0487055,-1.1537507,0.3832983
2025-01-09 01:00:00,-1.1426494,-1.1574227,0.22150181
2025-01-09 02:00:00,-1.0865799,-1.281586,0.31204835
2025-01-09 03:00:00,-1.289917,-1.2101015,0.3871945
2025-01-09 04:00:00,-1.1172209,-1.22865,0.1570407
2025-01-09 05:00:00,-1.1678172,-1.3366542,0.4445846
2025-01-09 06:00:00,-1.1845176,-1.4009148,0.28159928
2025-01-09 07:00:00,-1.1435393,-1.4238806,0.41703737
2025-01-09 08:00:00,-1.0859168,-1.3399348,0.42445698
2025-01-09 09:00:00,-0.97144306,-1.3380418,0.505691
2025-01-09 10:00:00,-1.1359869,-1.4445894,0.47715026
2025-01-09 11:00:00,-1.0122211,-1.3956776,0.2569906
2025-01-09 12:00:00,-1.0378406,-1.368406,0.39842856
2025-01-09 13:00:00,-1.0094001,-1.3804616,0.48623782
2025-01-09 14:00:00,-0.8866928,-1.3212522,0.47348088
2025-01-09 15:00:00,-0.9072435,-1.358343,0.5411078
2025-01-09 16:00:00,-0.82633656,-1.5553128,0.5797845
2025-01-09 17:00:00,-0.9283857,-1.354835,0.5789575
2025-01-09 18:00:00,-0.95406306,-1.5459137,0.5266904
2025-01-09 19:00:00,-0.8983284,-1.4333556,0.4095759
2025-01-09 20:00:00,-0.84272814,-1.5246087,0.534188
2025-01-09 21:00:00,-0.8293903,-1.5757104,0.61716723
2025-01-09 22:00:00,-0.9113405,-1.6996303,0.5097352
2025-01-09 23:00:00,-0.7981144,-1.5805973,0.66046333
2025-01-10 00:00:00,-0.7675555,-1.7030586,0.69549376
2025-01-10 01:00:00,-0.5645772,-1.5119348,0.6456986
2025-01-10 02:00:00,-0.5956954,-1.4785573,0.40303394
2025-01-10 03:00:00,-0.7936834,-1.6738049,0.5583312
2025-01-10 04:00:00,-0.72771317,-1.5956113,0.8237646
2025-01-10 05:00:00,-0.80082107,-1.6870803,0.6412817
2025-01-10 06:00:00,-0.7097548,-1.6881683,0.5382479
2025-01-10 07:00:00,-0.615738,-1.5843288,0.8076074
2025-01-10 08:00:00,-0.5227492,-1.6573261,0.7214926
2025-01-10 09:00:00,-0.65552366,-1.5225797,0.8202795
2025-01-10 10:00:00,-0.62726265,-1.7073901,0.76531976
2025-01-10 11:00:00,-0.7242093,-1.5954742,0.7909399
2025-01-10 12:00:00,-0.5427023,-1.6737858,0.79419655
2025-01-10 13:00:00,-0.5917189,-1.6236211,0.83165956
2025-01-10 14:00:00,-0.52589893,-1.7283053,0.96855855
2025-01-10 15:00:00,-0.53029776,-1.7012907,0.87434226
2025-01-10 16:00:00,-0.44408986,-1.7109019,0.68032193
2025-01-10 17:00:00,-0.55336785,-1.7724239,0.8523547
2025-01-10 18:00:00,-0.5061226,-1.6559912,0.91759324
2025-01-10 19:00:00,-0.1942424,-1.659896,0.9319201
2025-01-10 20:00:00,-0.44322276,-1.6669294,0.8107765
2025-01-10 21:00:00,-0.40344808,-1.5934935,0.94706905
2025-01-10 22:00:00,-0.1440652,-1.6020789,0.93682456
2025-01-10 23:00:00,-0.033769995,-1.7491368,1.0768976
2025-01-11 00:00:00,-0.33490917,-1.6899501,0.8193423
2025-01-11 01:00:00,-0.24551103,-1.7698747,0.8467481
2025-01-11 02:00:00,-0.16345996,-1.7178497,0.8705956
2025-01-11 03:00:00,-0.027096137,-1.7669693,0.86335564
2025-01-11 04:00:00,-0.21882889,-1.5881953,0.8386001
2025-01-11 05:00:00,-0.13388036,-1.6870577,0.6957527
2025-01-11 06:00:00,-0.026345052,-1.7314907,0.8886885
2025-01-11 07:00:00,-0.027928159,-1.6159968,0.95944035
2025-01-11 08:00:00,-0.06689235,-1.8821175,0.89658725
2025-01-11 09:00:00,-0.021515926,-1.8661245,1.0967518
2025-01-11 10:00:00,-0.09473953,-1.637404,0.9485873
2025-01-11 11:00:00,0.022325031,-1.6918573,1.0561122
2025-01-11 12:00:00,0.046251483,-1.6718333,0.9787706
2025-01-11 13:00:00,0.112368725,-1.7927074,1.0287071
2025-01-11 14:00:00,0.075642064,-1.6827358,0.98938
2025-01-11 15:00:00,0.18409796,-1.5144343,1.0806953
2025-01-11 16:00:00,0.25372338,-1.6021762,0.97952265
2025-01-11 17:00:00,0.2114893,-1.6474944,1.0182928
2025-01-11 18:00:00,0.2535543,-1.6887181,1.0111642
2025-01-11 19:00:00,0.2560252,-1.6772497,0.96174514
2025-01-11 20:00:00,0.27813166,-1.8076794,1.0198514
2025-01-11 21:00:00,0.24673767,-1.6079649,1.1685408
2025-01-11 22:00:00,0.35609642,-1.5517462,0.97018564
2025-01-11 23:00:00,0.34927776,-1.7358228,1.0270905
2025-01-12 00:00:00,0.5507595,-1.6526573,1.0955588
2025-01-12 01:00:00,0.53537256,-1.6818985,1.0872447
2025-01-12 02:00:00,0.46651575,-1.6556765,0.9977343
2025-01-12 03:00:00,0.40068555,-1.5629115,0.8065808
2025-01-12 04:00:00,0.3987477,-1.7222815,1.0387249
2025-01-12 05:00:00,0.608964,-1.4943291,0.81964767
2025-01-12 06:00:00,0.56053805,-1.4707093,1.114297
2025-01-12 07:00:00,0.6036811,-1.5382634,1.0094349
2025-01-12 08:00:00,0.45135164,-1.7034048,1.0747037
2025-01-12 09:00:00,0.690653,-1.5710539,0.92109084
2025-01-12 10:00:00,0.6782329,-1.3787249,0.86726594
2025-01-12 11:00:00,0.57834095,-1.6852417,1.01021
2025-01-12 12:00:00,0.6546172,-1.476083,0.9842205
2025-01-12 13:00:00,0.73845845,-1.5275996,0.9448207
2025-01-12 14:00:00,0.74643177,-1.3533965,0.9878277
2025-01-12 15:00:00,0.74357784,-1.455983,1.1990366
2025-01-12 16:00:00,0.78322595,-1.3535241,1.0406667
2025-01-12 17:00:00,0.79572916,-1.32413,1.0538038
2025-01-12 18:00:00,0.85229635,-1.205661,1.0329751
2025-01-12 19:00:00,0.9818281,-1.3516582,1.079111
2025-01-12 20:00:00,0.68260056,-1.2878807,0.9405203
2025-01-12 21:00:00,0.89260876,-1.4189929,0.7859957
2025-01-12 22:00:00,0.9490939,-1.1868681,0.92962015
2025-01-12 23:00:00,0.98185295,-1.3245505,1.0036571
2025-01-13 00:00:00,0.95140034,-1.2898796,0.8548271
2025-01-13 01:00:00,0.8633654,-1.2278162,0.911678
2025-01-13 02:00:00,1.0526564,-1.3317984,0.86350673
2025-01-13 03:00:00,1.1868756,-1.1689171,1.0317577
2025-01-13 04:00:00,0.94799984,-1.0899996,0.9639863
2025-01-13 05:00:00,1.1615796,-1.1238741,0.94827646
2025-01-13 06:00:00,1.0876931,-1.2540718,0.93769604
2025-01-13 07:00:00,1.1303014,-1.1162635,0.87649566
2025-01-13 08:00:00,1.0719314,-1.0261487,0.88648283
2025-01-13 09:00:00,1.1500806,-1.2146624,0.76676404
2025-01-13 10:00:00,1.3012253,-1.1290848,0.6772635
2025-01-13 11:00:00,1.2639244,-0.9514349,0.8544867
2025-01-13 12:00:00,1.375687,-0.9781868,0.8584052
2025-01-13 13:00:00,1.350777,-0.9448619,0.91893995
2025-01-13 14:00:00,1.3108801,-0.8068807,0.9373281
2025-01-13 15:00:00,1.4341183,-0.8957806,0.926356
2025-01-13 16:00:00,1.348249,-0.8580689,0.7097652
2025-01-13 17:00:00,1.3975645,-0.6710934,0.74999523
2025-01-13 18:00:00,1.3254607,-0.8821353,0.8048936
2025-01-13 19:00:00,1.3720294,-0.90577245,0.9570344
2025-01-13 20:00:00,1.3280855,-0.7844699,0.86063325
2025-01-13 21:00:00,1.4798682,-0.7601743,0.81925184
2025-01-13 22:00:00,1.3229032,-0.8138862,0.6858877
2025-01-13 23:00:00,1.4958596,-0.8306589,0.6332035
2025-01-14 00:00:00,1.4337589,-0.53946865,0.75366324
2025-01-14 01:00:00,1.5580782,-0.674177,0.58893585
2025-01-14 02:00:00,1.5394402,-0.734862,0.6441015
2025-01-14 03:00:00,1.6396344,-0.5788536,0.63993615
2025-01-14 04:00:00,1.5666728,-0.63661045,0.76225144
2025-01-14 05:00:00,1.3962872,-0.62376934,0.5919062
2025-01-14 06:00:00,1.5301411,-0.5341346,0.4103708
2025-01-14 07:00:00,1.4547876,-0.6579707,0.6308681
2025-01-14 08:00:00,1.5197359,-0.50184697,0.51936775
2025-01-14 09:00:00,1.6943429,-0.3523989,0.56325656
2025-01-14 10:00:00,1.6362866,-0.44346774,0.5372511
2025-01-14 11:00:00,1.540797,-0.48614314,0.50642216
2025-01-14 12:00:00,1.5266274,-0.47186306,0.575471
2025-01-14 13:00:00,1.6209433,-0.43934375,0.3733396
2025-01-14 14:00:00,1.5311711,-0.40203607,0.4381373
2025-01-14 15:00:00,1.5845566,-0.387134,0.5175581
2025-01-14 16:00:00,1.6725343,-0.25879133,0.39686134
2025-01-14 17:00:00,1.7488953,-0.44594473,0.30025494
2025-01-14 18:00:00,1.7136369,-0.21353185,0.46523994
2025-01-14 19:00:00,1.4896649,-0.28809056,0.48422897
2025-01-14 20:00:00,1.7049134,-0.20281143,0.37324372
2025-01-14 21:00:00,1.6934847,-0.2984128,0.20227806
2025-01-14 22:00:00,1.7275515,-0.07729382,0.39777213
2025-01-14 23:00:00,1.8300136,-0.059315138,0.19050346
2025-01-15 00:00:00,1.5414909,-0.05763913,0.32985574
2025-01-15 01:00:00,1.6646504,-0.23109308,0.21587507
2025-01-15 02:00:00,1.7641537,-0.01916352,0.17567411
2025-01-15 03:00:00,1.5948491,-0.028767023,0.21457213
2025-01-15 04:00:00,1.8434993,-0.16532935,0.21660621
2025-01-15 05:00:00,1.7584894,-0.01470059,0.1609632
2025-01-15 06:00:00,1.799895,0.0404525,0.24071959
2025-01-15 07:00:00,1.6891897,0.07971108,0.1389582
2025-01-15 08:00:00,1.802212,0.07322144,0.23398355
2025-01-15 09:00:00,1.8243828,0.10602802,0.15889679
2025-01-15 10:00:00,1.758878,0.22417353,0.061349977
2025-01-15 11:00:00,1.7598907,0.22778195,0.028552912
2025-01-15 12:00:00,1.7632054,-0.0763993,-0.053369172
2025-01-15 13:00:00,1.6724985,0.1506805,0.08222545
2025-01-15 14:00:00,1.729301,0.18585278,0.011076884
2025-01-15 15:00:00,1.7279882,0.081635684,-0.16990754
2025-01-15 16:00:00,1.7694987,0.2519407,-0.042611588
2025-01-15 17:00:00,1.8170016,0.36672598,-0.0915
2025-01-15 18:00:00,1.6500733,0.20212999,0.086941116
2025-01-15 19:00:00,1.7220492,0.33800042,-0.1950605
2025-01-15 20:00:00,1.847415,0.25965223,-0.19389132
2025-01-15 21:00:00,1.6658161,0.3007852,-0.009547032
2025-01-15 22:00:00,1.655485,0.49413413,-0.009573609
2025-01-15 23:00:00,1.7329708,0.3537194,-0.19748576
2025-01-16 00:00:00,1.7794199,0.4550536,-0.20822167
2025-01-16 01:00:00,1.7074288,0.28909683,-0.12811294
2025-01-16 02:00:00,1.807042,0.60825723,-0.3833223
2025-01-16 03:00:00,1.7630472,0.5277135,-0.36576778
2025-01-16 04:00:00,1.7551976,0.48487833,-0.25901902
2025-01-16 05:00:00,1.7251021,0.56523967,-0.13222207
2025-01-16 06:00:00,1.8594811,0.42586365,-0.31068248
2025-01-16 07:00:00,1.64893,0.6524347,-0.28731138
2025-01-16 08:00:00,1.496716,0.5508214,-0.22418942
2025-01-16 09:00:00,1.7765772,0.579041,-0.16578822
2025-01-16 10:00:00,1.6024473,0.57437414,-0.39986435
2025-01-16 11:00:00,1.6381105,0.585303,-0.37436822
2025-01-16 12:00:00,1.7242553,0.7050805,-0.24648163
2025-01-16 13:00:00,1.4809194,0.68742996,-0.5331604
2025-01-16 14:00:00,1.498178,0.7362417,-0.34822375
2025-01-16 15:00:00,1.4590235,0.7002311,-0.53084266
2025-01-16 16:00:00,1.5120198,0.7585075,-0.46002093
2025-01-16 17:00:00,1.5987601,0.70013994,-0.50635916
2025-01-16 18:00:00,1.5931807,0.92789817,-0.58220375
2025-01-16 19:00:00,1.5606259,0.6396283,-0.6027018
2025-01-16 20:00:00,1.4124079,0.8811472,-0.5203021
2025-01-16 21:00:00,1.3271571,0.9045772,-0.48099858
2025-01-16 22:00:00,1.5024858,0.741503,-0.58910483
2025-01-16 23:00:00,1.4462085,1.0022042,-0.5910543
2025-01-17 00:00:00,1.5061603,0.9173393,-0.56875485
2025-01-17 01:00:00,1.5106752,0.928877,-0.70980495
2025-01-17 02:00:00,1.450343,0.86655873,-0.59036225
2025-01-17 03:00:00,1.4845212,0.8597104,-0.60128236
2025-01-17 04:00:00,1.4261408,0.87274545,-0.47565603
2025-01-17 05:00:00,1.4339746,0.9327856,-0.73096937
2025-01-17 06:00:00,1.3186389,1.0253155,-0.754275
2025-01-17 07:00:00,1.3437706,0.9390326,-0.672666
2025-01-17 08:00:00,1.3566976,0.86254555,-0.68501306
2025-01-17 09:00:00,1.3891089,1.0119734,-0.8095034
2025-01-17 10:00:00,1.2741795,1.0298916,-0.8148961
2025-01-17 11:00:00,1.3292915,1.0183727,-0.7550857
2025-01-17 12:00:00,1.2479638,1.035058,-0.8800964
2025-01-17 13:00:00,1.24118,0.9627779,-0.8620224
2025-01-17 14:00:00,1.298022,0.9187818,-0.83707505
2025-01-17 15:00:00,1.0530262,0.93190634,-0.7793952
2025-01-17 16:00:00,1.0893029,0.8783971,-0.9220282
2025-01-17 17:00:00,1.0547407,1.0356718,-1.035398
2025-01-17 18:00:00,0.9666735,1.01713,-1.0554339
2025-01-17 19:00:00,1.0789075,0.9953046,-1.0167058
2025-01-17 20:00:00,1.1726952,0.8003583,-1.034595
2025-01-17 21:00:00,1.0692937,0.9429322,-0.95523804
2025-01-17 22:00:00,1.0870315,1.1378995,-1.0510421
2025-01-17 23:00:00,1.1372557,1.0001817,-1.0249448
2025-01-18 00:00:00,1.135037,1.0869225,-1.04317
2025-01-18 01:00:00,1.0017953,0.95114803,-1.0287241
2025-01-18 02:00:00,1.0939246,1.1814306,-0.8996417
2025-01-18 03:00:00,0.9711354,1.0583472,-0.9641587
2025-01-18 04:00:00,0.8747233,1.096212,-1.0272063
2025-01-18 05:00:00,0.8719428,1.2618146,-1.0764678
2025-01-18 06:00:00,0.7786688,1.1994162,-1.0850368
2025-01-18 07:00:00,0.80352265,1.0555297,-1.0346507
2025-01-18 08:00:00,0.8232455,1.0341576,-1.0243251
2025-01-18 09:00:00,0.893347,1.0567391,-1.1535487
2025-01-18 10:00:00,0.9437622,1.1243504,-1.0875919
2025-01-18 11:00:00,0.6724413,1.0755256,-1.2622976
2025-01-18 12:00:00,0.7912396,1.0523199,-1.0917721
2025-01-18 13:00:00,0.6532564,1.2009218,-1.05636
2025-01-18 14:00:00,0.75106126,1.0736321,-1.148038
2025-01-18 15:00:00,0.6790893,1.2655733,-0.98828644
2025-01-18 16:00:00,0.51950794,1.08732,-1.2117571
2025-01-18 17:00:00,0.716569,1.2209599,-1.1311824
2025-01-18 18:00:00,0.57015896,1.1044154,-1.1584318
2025-01-18 19:00:00,0.55203587,1.1501857,-1.1702442
2025-01-18 20:00:00,0.48530206,1.012125,-1.1776843
2025-01-18 21:00:00,0.49462593,0.99836695,-1.1659509
2025-01-18 22:00:00,0.5572461,1.0996491,-1.1123236
2025-01-18 23:00:00,0.4838891,1.1377962,-1.0752407
2025-01-19 00:00:00,0.50131094,1.0574086,-1.1905963
2025-01-19 01:00:00,0.47994298,0.94639266,-1.129803
2025-01-19 02:00:00,0.53260565,0.935243,-1.255436
2025-01-19 03:00:00,0.37549216,0.92429876,-1.141937
2025-01-19 04:00:00,0.2607353,0.8911158,-1.2677433
2025-01-19 05:00:00,0.4402449,1.0349939,-1.1227527
2025-01-19 06:00:00,0.30435333,1.1096048,-1.0360253
2025-01-19 07:00:00,0.39607486,1.0115557,-1.2251636
2025-01-19 08:00:00,0.31365025,0.8244882,-1.3929688
2025-01-19 09:00:00,0.24860682,0.9824218,-1.2632275
2025-01-19 10:00:00,0.26317048,0.9766929,-1.1222954
2025-01-19 11:00:00,0.3675804,1.1491082,-1.1777099
2025-01-19 12:00:00,0.3539569,0.8562504,-1.2028009
2025-01-19 13:00:00,0.16972241,0.9326458,-1.142425
2025-01-19 14:00:00,0.1534449,1.091138,-1.1844136
2025-01-19 15:00:00,0.20327723,0.98113316,-1.1254501
2025-01-19 16:00:00,0.026171423,0.98036516,-1.1486602
2025-01-19 17:00:00,0.09722173,0.93433654,-1.0994717
2025-01-19 18:00:00,0.045371532,0.9411453,-1.191146
2025-01-19 19:00:00,0.049537763,0.9662539,-1.1457199
2025-01-19 20:00:00,-0.06513261,0.8283017,-1.2406512
2025-01-19 21:00:00,-0.14838226,0.9520463,-1.2617893
2025-01-19 22:00:00,-0.20966767,0.76043344,-1.074374
2025-01-19 23:00:00,-0.15568325,0.8847515,-1.1905146
2025-01-20 00:00:00,-0.12529439,0.8607316,-1.1399704
2025-01-20 01:00:00,-0.13420205,0.7848263,-1.1906663
2025-01-20 02:00:00,0.022255987,0.8197663,-1.2433488
2025-01-20 03:00:00,-0.06604255,0.7589878,-1.1910694
2025-01-20 04:00:00,-0.25310588,0.7100305,-1.0722489
2025-01-20 05:00:00,-0.16974872,0.754224,-1.1375518
2025-01-20 06:00:00,-0.2513623,0.68071795,-1.3133953
2025-01-20 07:00:00,-0.26257303,0.78116786,-1.1878694
2025-01-20 08:00:00,-0.24581659,0.64943373,-1.0219071
2025-01-20 09:00:00,-0.23171213,0.7842909,-1.1751053
2025-01-20 10:00:00,-0.32876796,0.6185088,-1.2952236
2025-01-20 11:00:00,-0.23667274,0.6532263,-0.99260074
2025-01-20 12:00:00,-0.43305546,0.6338787,-1.0819901
2025-01-20 13:00:00,-0.3608739,0.77499795,-1.1344002
2025-01-20 14:00:00,-0.17300075,0.680376,-1.1504138
2025-01-20 15:00:00,-0.38215026,0.62181616,-1.0256996
2025-01-20 16:00:00,-0.30426413,0.6632959,-1.1469237
2025-01-20 17:00:00,-0.43026125,0.43931475,-1.002674
2025-01-20 18:00:00,-0.40951395,0.5887861,-1.0418242
2025-01-20 19:00:00,-0.47863808,0.7362465,-1.0559902
2025-01-20 20:00:00,-0.50556815,0.5711104,-1.0539906
2025-01-20 21:00:00,-0.57184994,0.5499089,-1.0694029
2025-01-20 22:00:00,-0.4923335,0.57216084,-0.9612373
2025-01-20 23:00:00,-0.6118526,0.5836844,-1.1033124
2025-01-21 00:00:00,-0.5071555,0.33586067,-1.1527534
2025-01-21 01:00:00,-0.48994878,0.34459686,-0.96247864
2025-01-21 02:00:00,-0.5635092,0.47944304,-0.9494952
2025-01-21 03:00:00,-0.63147855,0.38878438,-0.9496654
2025-01-21 04:00:00,-0.58769083,0.5342164,-0.9432899
2025-01-21 05:00:00,-0.6638094,0.38725275,-0.9891126
2025-01-21 06:00:00,-0.57905334,0.24085613,-0.8877751
2025-01-21 07:00:00,-0.8148612,0.27727607,-0.9414687
2025-01-21 08:00:00,-0.709315,0.14179567,-0.9635953
2025-01-21 09:00:00,-0.8555112,0.32605264,-0.93613505
2025-01-21 10:00:00,-0.82928973,0.31269422,-0.7358506
2025-01-21 11:00:00,-0.6136695,0.2767659,-1.022384
2025-01-21 12:00:00,-0.66390914,0.3799742,-0.8294565
2025-01-21 13:00:00,-0.80547667,0.3724757,-0.98939663
2025-01-21 14:00:00,-0.8801576,0.2458916,-0.8491361
2025-01-21 15:00:00,-1.008801,0.07168047,-0.8603618
2025-01-21 16:00:00,-0.8264389,0.2747837,-0.97745925
2025-01-21 17:00:00,-0.60028344,0.25279433,-0.76431406
2025-01-21 18:00:00,-0.7697172,0.21610756,-0.8104212
2025-01-21 19:00:00,-0.8594966,0.25289887,-0.93234265
2025-01-21 20:00:00,-0.7873764,0.06425843,-0.6814395
2025-01-21 21:00:00,-0.9589385,0.30125797,-0.6178203
2025-01-21 22:00:00,-0.8669515,0.04697123,-0.59725004
2025-01-21 23:00:00,-0.8439343,0.1668933,-0.67141014
2025-01-22 00:00:00,-0.86712885,-0.044733934,-0.6799415
2025-01-22 01:00:00,-0.8049439,-0.0007918179,-0.56071424
2025-01-22 02:00:00,-0.84822214,0.17839764,-0.5155608
2025-01-22 03:00:00,-0.8295298,0.01976514,-0.54250276
2025-01-22 04:00:00,-0.9448831,0.0914771,-0.6914039
2025-01-22 05:00:00,-0.82441974,0.02698997,-0.58272856
2025-01-22 06:00:00,-0.77197486,-0.016502757,-0.54629946
2025-01-22 07:00:00,-0.9855593,0.08498078,-0.7087282
2025-01-22 08:00:00,-0.9842321,-0.05895654,-0.50878876
2025-01-22 09:00:00,-0.81123424,-0.1982483,-0.3467641
2025-01-22 10:00:00,-0.93789583,-0.13567603,-0.459566
2025-01-22 11:00:00,-0.8143846,-0.04280459,-0.374944
2025-01-22 12:00:00,-0.9658056,-0.07059215,-0.46014455
2025-01-22 13:00:00,-0.8173221,-0.2427722,-0.4625067
2025-01-22 14:00:00,-0.9261404,-0.19036573,-0.40793672
2025-01-22 15:00:00,-0.9185455,-0.1937966,-0.48541626
2025-01-22 16:00:00,-0.8161824,-0.1911606,-0.4788927
2025-01-22 17:00:00,-0.9720694,-0.2864782,-0.28206366
2025-01-22 18:00:00,-1.0197983,-0.24096726,-0.25509864
2025-01-22 19:00:00,-0.981388,-0.26308402,-0.42564043
2025-01-22 20:00:00,-0.9099251,-0.15696925,-0.25033316
2025-01-22 21:00:00,-1.0715972,-0.16765206,-0.31611013
2025-01-22 22:00:00,-0.89518046,-0.2575238,-0.26331615
2025-01-22 23:00:00,-0.98873997,-0.29048097,-0.23500434
2025-01-23 00:00:00,-0.85289335,-0.2609593,-0.1735723
2025-01-23 01:00:00,-1.1349609,-0.35028437,-0.22778851
2025-01-23 02:00:00,-1.0046706,-0.389275,-0.10286953
2025-01-23 03:00:00,-1.0746138,-0.38507637,-0.17220396
2025-01-23 04:00:00,-1.003373,-0.37272748,-0.12830177
2025-01-23 05:00:00,-0.91466945,-0.42685297,-0.22618684
2025-01-23 06:00:00,-0.94566107,-0.33238703,0.031861365
2025-01-23 07:00:00,-0.9480681,-0.29829007,-0.08457498
2025-01-23 08:00:00,-0.93664485,-0.49468464,-0.046478827
2025-01-23 09:00:00,-0.9033913,-0.37648514,-0.2135663
2025-01-23 10:00:00,-0.99574023,-0.40659347,-0.13216281
2025-01-23 11:00:00,-0.8535503,-0.37190095,0.051202662
2025-01-23 12:00:00,-0.8517751,-0.41019562,-0.006412169
2025-01-23 13:00:00,-0.86832756,-0.53509784,-0.16406034
2025-01-23 14:00:00,-0.84860545,-0.5291577,0.09044451
2025-01-23 15:00:00,-0.8630718,-0.4348714,-0.01785422
2025-01-23 16:00:00,-0.7172993,-0.36367998,0.15674406
2025-01-23 17:00:00,-0.8800589,-0.6315694,0.05491857
2025-01-23 18:00:00,-0.89031464,-0.43491894,0.096338466
2025-01-23 19:00:00,-0.91836125,-0.37523714,0.1922
2025-01-23 20:00:00,-0.9326695,-0.49016228,0.043905355
2025-01-23 21:00:00,-0.94133824,-0.44109744,0.05399
2025-01-23 22:00:00,-0.9042632,-0.54822975,0.13529927
2025-01-23 23:00:00,-0.829884,-0.50807726,0.2346761
2025-01-24 00:00:00,-0.78825164,-0.63441557,0.079391375
2025-01-24 01:00:00,-0.8013703,-0.69817173,0.06964867
2025-01-24 02:00:00,-0.8568764,-0.4407494,0.28608298
2025-01-24 03:00:00,-0.7135007,-0.6001787,0.18890192
2025-01-24 04:00:00,-0.7159592,-0.5626892,0.2225705
2025-01-24 05:00:00,-0.777201,-0.64168715,0.12206073
2025-01-24 06:00:00,-0.80570453,-0.6477489,0.23278844
2025-01-24 07:00:00,-0.6983695,-0.5526903,0.30284107
2025-01-24 08:00:00,-0.71571445,-0.60063195,0.394049
2025-01-24 09:00:00,-0.8348516,-0.5151592,0.27392122
2025-01-24 10:00:00,-0.7124357,-0.51197153,0.48403445
2025-01-24 11:00:00,-0.67378294,-0.52492946,0.31232166
2025-01-24 12:00:00,-0.7542271,-0.5335758,0.32789588
2025-01-24 13:00:00,-0.65433437,-0.42815098,0.52079576
2025-01-24 14:00:00,-0.77294683,-0.64112943,0.4297928
2025-01-24 15:00:00,-0.5364809,-0.5611061,0.38358217
2025-01-24 16:00:00,-0.5301364,-0.4667246,0.42999563
2025-01-24 17:00:00,-0.636558,-0.45644292,0.56510586
2025-01-24 18:00:00,-0.5734576,-0.671251,0.5883952
2025-01-24 19:00:00,-0.7813049,-0.5820389,0.41977608
2025-01-24 20:00:00,-0.666803,-0.44757783,0.49552336
2025-01-24 21:00:00,-0.58339375,-0.51439434,0.5197025
2025-01-24 22:00:00,-0.6310769,-0.53786886,0.44693172
2025-01-24 23:00:00,-0.47339466,-0.5689898,0.5344825
2025-01-25 00:00:00,-0.3558343,-0.58000034,0.55223185
2025-01-25 01:00:00,-0.59465826,-0.5235964,0.6556486
2025-01-25 02:00:00,-0.5522823,-0.5638385,0.67340654
2025-01-25 03:00:00,-0.45105678,-0.5436868,0.5626061
2025-01-25 04:00:00,-0.3254693,-0.5302628,0.5837048
2025-01-25 05:00:00,-0.53648037,-0.58670545,0.6655866
2025-01-25 06:00:00,-0.4029714,-0.48543805,0.57698995
2025-01-25 07:00:00,-0.2612728,-0.29005873,0.6819966
2025-01-25 08:00:00,-0.5230857,-0.6601895,0.6387069
2025-01-25 09:00:00,-0.47729212,-0.48658538,0.57875293
2025-01-25 10:00:00,-0.39245644,-0.56744266,0.59005225
2025-01-25 11:00:00,-0.38388205,-0.45420274,0.792384
2025-01-25 12:00:00,-0.26080826,-0.49008682,0.6738489
2025-01-25 13:00:00,-0.2899859,-0.42593002,0.8270549
2025-01-25 14:00:00,-0.43474633,-0.38555753,0.6639176
2025-01-25 15:00:00,-0.23488224,-0.4565788,0.7372025
2025-01-25 16:00:00,-0.3056255,-0.37343985,0.9139323
2025-01-25 17:00:00,-0.14072317,-0.64323854,0.64625
2025-01-25 18:00:00,-0.27609944,-0.31981185,0.58704865
2025-01-25 19:00:00,-0.25999862,-0.4080613,0.8495416
2025-01-25 20:00:00,-0.14892603,-0.34252477,0.68791574
2025-01-25 21:00:00,-0.11430743,-0.516699,0.7595552
2025-01-25 22:00:00,-0.12260406,-0.47560114,0.7211915
2025-01-25 23:00:00,-0.27640128,-0.38717154,0.79607344
2025-01-26 00:00:00,-0.08161263,-0.38959768,0.70483214
2025-01-26 01:00:00,-0.19050787,-0.35466117,0.77243364
2025-01-26 02:00:00,-0.0720626,-0.27930495,0.8284657
2025-01-26 03:00:00,-0.18792604,-0.49573392,0.71716416
2025-01-26 04:00:00,-0.021491904,-0.26475668,0.7468664
2025-01-26 05:00:00,-0.10493044,-0.32984453,0.7798217
2025-01-26 06:00:00,-0.12626016,-0.33435774,0.6977415
2025-01-26 07:00:00,0.050159916,-0.42299983,0.7823697
2025-01-26 08:00:00,0.029033486,-0.25203383,0.82950014
2025-01-26 09:00:00,-0.022831213,-0.47208956,0.79154766
2025-01-26 10:00:00,0.15889624,-0.21349324,0.80500966
2025-01-26 11:00:00,0.023988344,-0.37086168,0.82802963
2025-01-26 12:00:00,0.078162864,-0.2330758,0.77975684
2025-01-26 13:00:00,0.11337031,-0.23248005,0.88979006
2025-01-26 14:00:00,0.058449797,-0.11471674,0.95136505
2025-01-26 15:00:00,0.16177545,-0.20765126,0.80101275
2025-01-26 16:00:00,0.097358376,-0.23371896,0.87834996
2025-01-26 17:00:00,0.12293574,-0.20330071,0.82143104
2025-01-26 18:00:00,0.28058642,-0.045287214,0.870602
2025-01-26 19:00:00,0.10390537,-0.088325754,0.9670844
2025-01-26 20:00:00,0.009569123,-0.14596339,0.8826723
2025-01-26 21:00:00,0.34676176,-0.1176897,0.69996274
2025-01-26 22:00:00,0.43697828,-0.2075916,0.8777123
2025-01-26 23:00:00,0.21559958,-0.034372874,0.93928
2025-01-27 00:00:00,0.10789952,-0.18926357,0.8218845
2025-01-27 01:00:00,0.25266358,0.02883603,0.9179287
2025-01-27 02:00:00,0.2690847,-0.0036545927,0.7814407
2025-01-27 03:00:00,0.2910878,0.19456205,0.7158873
2025-01-27 04:00:00,0.23132232,-0.06667434,0.84381384
2025-01-27 05:00:00,0.3806759,0.031028304,0.6895039
2025-01-27 06:00:00,0.3899901,0.20117667,0.8080561
2025-01-27 07:00:00,0.2419907,0.17085856,0.9271169
2025-01-27 08:00:00,0.43078178,0.03823883,0.66803914
2025-01-27 09:00:00,0.552147,0.13039067,0.7148311
2025-01-27 10:00:00,0.41455317,0.1313112,0.73072314
2025-01-27 11:00:00,0.3864479,0.17252131,0.8040401
2025-01-27 12:00:00,0.4144781,0.11301097,0.77539766
2025-01-27 13:00:00,0.4872253,0.18082136,0.9118663
2025-01-27 14:00:00,0.31147403,0.07929857,0.8712981
2025-01-27 15:00:00,0.47475377,0.23723556,0.82932466
2025-01-27 16:00:00,0.44178736,0.28181043,0.79584545
2025-01-27 17:00:00,0.63201433,0.24709146,0.80989
2025-01-27 18:00:00,0.48115534,0.15564317,0.7034563
2025-01-27 19:00:00,0.6391535,0.38357186,0.8347252
2025-01-27 20:00:00,0.4277852,0.3533641,0.6706722
2025-01-27 21:00:00,0.57315034,0.28589815,0.8197107
2025-01-27 22:00:00,0.561526,0.34136578,0.8407779
2025-01-27 23:00:00,0.47596923,0.26364565,0.7555257
2025-01-28 00:00:00,0.56891453,0.32159328,0.71709883
2025-01-28 01:00:00,0.66066134,0.38056338,0.75553167
2025-01-28 02:00:00,0.5463964,0.541852,0.48667377
2025-01-28 03:00:00,0.44528157,0.41242856,0.7316443
2025-01-28 04:00:00,0.5872678,0.5348295,0.6900486
2025-01-28 05:00:00,0.52420574,0.4605763,0.686509
2025-01-28 06:00:00,0.57642746,0.5435058,0.7383163
2025-01-28 07:00:00,0.60438806,0.5323764,0.66684556
2025-01-28 08:00:00,0.48124504,0.6335349,0.57244474
2025-01-28 09:00:00,0.49490565,0.54088145,0.64299107
2025-01-28 10:00:00,0.6688612,0.4778105,0.65015996
2025-01-28 11:00:00,0.59428906,0.51296204,0.64421874
2025-01-28 12:00:00,0.43640822,0.6008283,0.63806593
2025-01-28 13:00:00,0.7095244,0.56325805,0.6981759
2025-01-28 14:00:00,0.67334163,0.7157446,0.5178881
2025-01-28 15:00:00,0.5989204,0.66534096,0.6084061
2025-01-28 16:00:00,0.55482364,0.912169,0.6869635
2025-01-28 17:00:00,0.7308333,0.6026985,0.43426347
2025-01-28 18:00:00,0.6953725,0.7774293,0.5765189
2025-01-28 19:00:00,0.8611442,0.6902274,0.50428605
2025-01-28 20:00:00,0.70691645,0.7602086,0.51028943
2025-01-28 21:00:00,0.7067354,0.83009976,0.45625722
2025-01-28 22:00:00,0.66443324,0.6517391,0.5036441
2025-01-28 23:00:00,0.7448482,0.87557155,0.6529503
2025-01-29 00:00:00,0.73088026,1.0275774,0.3928194
2025-01-29 01:00:00,0.78202647,0.8576483,0.38861558
2025-01-29 02:00:00,0.64084435,0.933136,0.36613324
2025-01-29 03:00:00,0.64802575,1.012617,0.59648174
2025-01-29 04:00:00,0.64448416,0.93561405,0.40920454
2025-01-29 05:00:00,0.745676,0.9201897,0.43195373
2025-01-29 06:00:00,0.8015259,0.8023665,0.3895096
2025-01-29 07:00:00,0.6438379,1.0532768,0.33382583
2025-01-29 08:00:00,0.64509726,1.0103258,0.37814012
2025-01-29 09:00:00,0.7023848,0.9555461,0.58111614
2025-01-29 10:00:00,0.65542233,1.0636662,0.4832621
2025-01-29 11:00:00,0.7487179,1.0236076,0.29104525
2025-01-29 12:00:00,0.48952806,1.0445744,0.39841706
2025-01-29 13:00:00,0.600298,1.1516719,0.2673752
2025-01-29 14:00:00,0.6002526,1.0121869,0.17903231
2025-01-29 15:00:00,0.47327822,1.2188913,0.38991308
2025-01-29 16:00:00,0.5775259,1.0388966,0.38834018
2025-01-29 17:00:00,0.5767661,1.1130495,0.3663748
2025-01-29 18:00:00,0.628905,1.3349963,0.23224252
2025-01-29 19:00:00,0.72869885,1.286182,0.24361792
2025-01-29 20:00:00,0.6143813,1.2183639,0.30406457
2025-01-29 21:00:00,0.54550254,1.1496006,0.26252446
2025-01-29 22:00:00,0.6170531,1.1965065,0.18684223
2025-01-29 23:00:00,0.6988459,1.2584281,0.075946316
2025-01-30 00:00:00,0.52980226,1.2689925,0.20173822
2025-01-30 01:00:00,0.5276654,1.2718476,0.26612747
2025-01-30 02:00:00,0.63749695,1.2894716,0.071206525
2025-01-30 03:00:00,0.5670619,1.2873006,0.20535418
2025-01-30 04:00:00,0.6282292,1.2012899,0.16805625
2025-01-30 05:00:00,0.56666183,1.2872028,0.18887052
2025-01-30 06:00:00,0.6148884,1.4132451,0.18599238
2025-01-30 07:00:00,0.46663466,1.2418278,0.048109602
2025-01-30 08:00:00,0.5388444,1.3470155,-0.038196556
2025-01-30 09:00:00,0.5130166,1.3071439,0.03604106
2025-01-30 10:00:00,0.42235273,1.3918315,0.13748562
2025-01-30 11:00:00,0.38399538,1.3616825,0.010708649
2025-01-30 12:00:00,0.5530821,1.5204605,-0.01365846
2025-01-30 13:00:00,0.45899937,1.4519321,-0.11595793
2025-01-30 14:00:00,0.3938532,1.3152359,0.15794142
2025-01-30 15:00:00,0.4562144,1.4822849,0.07186586
2025-01-30 16:00:00,0.54213804,1.3746512,0.055585742
2025-01-30 17:00:00,0.25714555,1.3981253,0.059705183
2025-01-30 18:00:00,0.3073075,1.4766725,0.01683452
2025-01-30 19:00:00,0.3403696,1.4191277,-0.060319707
2025-01-30 20:00:00,0.51799184,1.5364103,-0.065218024
2025-01-30 21:00:00,0.41033864,1.4091463,-0.097536325
2025-01-30 22:00:00,0.43549597,1.4273233,0.1363692
2025-01-30 23:00:00,0.26902354,1.4296663,-0.040874723
2025-01-31 00:00:00,0.256554,1.4418622,-0.13324532
2025-01-31 01:00:00,0.36757958,1.5795851,-0.0695454
2025-01-31 02:00:00,0.32181925,1.5460849,-0.19814293
2025-01-31 03:00:00,0.34622663,1.6363014,-0.007244177
2025-01-31 04:00:00,0.2722585,1.6842326,-0.19065672
2025-01-31 05:00:00,0.29424974,1.4232665,-0.10768275
2025-01-31 06:00:00,0.26915795,1.5138463,-0.072317176
2025-01-31 07:00:00,0.30303296,1.4161893,-0.13646272
2025-01-31 08:00:00,0.28947064,1.4497313,-0.16915329
2025-01-31 09:00:00,0.07922329,1.4627675,-0.18512897
2025-01-31 10:00:00,0.012741849,1.4294144,-0.19960117
2025-01-31 11:00:00,0.25618988,1.430225,-0.25012004
2025-01-31 12:00:00,0.2544144,1.5027981,-0.24864538
2025-01-31 13:00:00,0.06092163,1.4165424,-0.102818824
2025-01-31 14:00:00,-0.023208573,1.5803617,-0.23816492
2025-01-31 15:00:00,0.11634959,1.4382552,-0.30043104
2025-01-31 16:00:00,0.16558674,1.734696,-0.28674477
2025-01-31 17:00:00,0.21747267,1.4716456,-0.1650689
2025-01-31 18:00:00,0.097375266,1.5109131,-0.20648815
2025-01-31 19:00:00,0.008604648,1.3984895,-0.22292557
2025-01-31 20:00:00,-0.05096357,1.635139,-0.295342
2025-01-31 21:00:00,0.0034251097,1.5843154,-0.23563182
2025-01-31 22:00:00,-0.03952244,1.514182,-0.33951256
2025-01-31 23:00:00,-0.11498586,1.3779267,-0.31508952
2025-02-01 00:00:00,0.11182246,1.497337,-0.2227894
2025-02-01 01:00:00,0.072342485,1.3851513,-0.23624444
2025-02-01 02:00:00,0.0019342899,1.5858078,-0.39030865
2025-02-01 03:00:00,-0.18117574,1.5270797,-0.38552037
2025-02-01 04:00:00,-0.0577375,1.463077,-0.3134568
2025-02-01 05:00:00,-0.0936635,1.2532029,-0.1888849
2025-02-01 06:00:00,-0.12818488,1.3616854,-0.48479083
2025-02-01 07:00:00,-0.082419515,1.487202,-0.31359255
2025-02-01 08:00:00,-0.15041287,1.5206113,-0.44999894
2025-02-01 09:00:00,-0.16092572,1.5032934,-0.39445865
2025-02-01 10:00:00,-0.1880902,1.2777584,-0.37640163
2025-02-01 11:00:00,-0.23071653,1.4193864,-0.38415962
2025-02-01 12:00:00,-0.4196207,1.4662312,-0.39622965
2025-02-01 13:00:00,-0.2892015,1.2416381,-0.35569006
2025-02-01 14:00:00,-0.3593461,1.3625761,-0.40155977
2025-02-01 15:00:00,-0.43619156,1.3736123,-0.4779397
2025-02-01 16:00:00,-0.21819645,1.3157344,-0.30048645
2025-02-01 17:00:00,-0.2333395,1.17931,-0.30430785
2025-02-01 18:00:00,-0.2818086,1.288716,-0.2984728
2025-02-01 19:00:00,-0.38897994,1.275478,-0.4903012
2025-02-01 20:00:00,-0.32015416,1.276315,-0.3439707
2025-02-01 21:00:00,-0.44599593,1.2291899,-0.31437272
2025-02-01 22:00:00,-0.44943365,1.2245469,-0.4512387
2025-02-01 23:00:00,-0.57176656,1.2421483,-0.36802444
2025-02-02 00:00:00,-0.4710882,1.2656784,-0.37779942
2025-02-02 01:00:00,-0.51649475,1.1905082,-0.22058941
2025-02-02 02:00:00,-0.6439279,1.1663005,-0.21318893
2025-02-02 03:00:00,-0.56210774,1.1903014,-0.49920785
2025-02-02 04:00:00,-0.58258325,1.0127167,-0.16517973
2025-02-02 05:00:00,-0.45048368,1.1876719,-0.4362704
2025-02-02 06:00:00,-0.5407186,1.1322265,-0.28268147
2025-02-02 07:00:00,-0.62918305,1.1178609,-0.28130347
2025-02-02 08:00:00,-0.6279079,1.1736106,-0.43613166
2025-02-02 09:00:00,-0.66184825,0.922253,-0.31427464
2025-02-02 10:00:00,-0.6990477,0.901962,-0.35932487
2025-02-02 11:00:00,-0.7866855,1.0628326,-0.30309033
2025-02-02 12:00:00,-0.7292944,1.0210917,-0.32542613
2025-02-02 13:00:00,-0.7938493,1.0156895,-0.24434593
2025-02-02 14:00:00,-0.8509667,0.94520235,-0.3299261
2025-02-02 15:00:00,-0.72664225,1.0151083,-0.34502476
2025-02-02 16:00:00,-0.75265265,1.0160567,-0.2392815
2025-02-02 17:00:00,-0.943109,0.9593493,-0.27564156
2025-02-02 18:00:00,-0.8260083,0.87865925,-0.25837326
2025-02-02 19:00:00,-0.75235164,0.70951635,-0.36466843
2025-02-02 20:00:00,-0.7628696,0.9179968,-0.389448
2025-02-02 21:00:00,-0.7809223,0.93224704,-0.34531277
2025-02-02 22:00:00,-0.87503064,0.8638583,-0.34337404
2025-02-02 23:00:00,-0.96067095,0.7194427,-0.22437377
2025-02-03 00:00:00,-0.994447,0.82098484,-0.20250174
2025-02-03 01:00:00,-0.8946232,0.81293935,-0.28605375
2025-02-03 02:00:00,-0.90603757,0.8455778,-0.15198827
2025-02-03 03:00:00,-0.8473265,0.6273208,-0.14955863
2025-02-03 04:00:00,-0.87598485,0.65560156,-0.23189956
2025-02-03 05:00:00,-0.98796165,0.7095875,-0.30922115
2025-02-03 06:00:00,-1.090047,0.6302689,-0.10930477
2025-02-03 07:00:00,-1.0288849,0.5119527,-0.23184957
2025-02-03 08:00:00,-0.99853915,0.6099681,-0.20828032
2025-02-03 09:00:00,-1.0443531,0.59836024,-0.23672268
2025-02-03 10:00:00,-1.0863914,0.5341827,-0.27169684
2025-02-03 11:00:00,-1.0315994,0.51961404,-0.30874717
2025-02-03 12:00:00,-1.1035111,0.45607656,-0.13115261
2025-02-03 13:00:00,-1.1244906,0.56959915,-0.23477137
2025-02-03 14:00:00,-1.0600638,0.35368437,0.08255516
2025-02-03 15:00:00,-1.1275518,0.3530072,-0.23899987
2025-02-03 16:00:00,-1.085948,0.37498316,-0.24241075
2025-02-03 17:00:00,-1.0933737,0.41839707,-0.09051962
2025-02-03 18:00:00,-1.2158004,0.2021399,0.0016942173
2025-02-03 19:00:00,-1.1722213,0.19083366,-0.10461416
2025-02-03 20:00:00,-1.0274299,0.106258005,-0.052951317
2025-02-03 21:00:00,-1.2437997,0.24540341,-0.2349827
2025-02-03 22:00:00,-1.3281927,0.12674174,-0.13029568
2025-02-03 23:00:00,-1.315478,0.15876886,-0.15040845
2025-02-04 00:00:00,-1.1715093,0.21569256,-0.20438151
2025-02-04 01:00:00,-1.1783075,0.08463237,-0.031516936
2025-02-04 02:00:00,-1.1967629,0.1275688,-0.2082425
2025-02-04 03:00:00,-1.0964203,0.058171898,-0.12238231
2025-02-04 04:00:00,-1.4132074,0.108893245,-0.047222927
2025-02-04 05:00:00,-1.1731513,0.06609892,-0.05825133
2025-02-04 06:00:00,-1.0849744,-0.05433563,0.05260305
2025-02-04 07:00:00,-1.3047894,-0.03956385,0.05810546
2025-02-04 08:00:00,-1.2492406,0.030317303,0.118060276
2025-02-04 09:00:00,-1.2829854,-0.048827466,0.11976665
2025-02-04 10:00:00,-1.2978058,-0.21917343,0.16397646
2025-02-04 11:00:00,-1.2554669,-0.08207631,0.08580672
2025-02-04 12:00:00,-1.117876,-0.24838784,0.12359303
2025-02-04 13:00:00,-1.0873919,-0.075687,0.1536937
2025-02-04 14:00:00,-1.2631629,-0.13379799,0.13765824
2025-02-04 15:00:00,-1.0853826,-0.21953137,0.108193986
2025-02-04 16:00:00,-1.236034,-0.2570914,0.12710324
2025-02-04 17:00:00,-1.099269,-0.3132855,0.10210298
2025-02-04 18:00:00,-1.2473022,-0.26910588,0.21511896
2025-02-04 19:00:00,-1.229216,-0.37980548,0.18782191
2025-02-04 20:00:00,-1.209912,-0.35796908,0.15630318
2025-02-04 21:00:00,-0.98387676,-0.33364573,0.17045045
2025-02-04 22:00:00,-1.1687027,-0.47483245,0.14072305
2025-02-04 23:00:00,-1.2915909,-0.505566,0.33003345
2025-02-05 00:00:00,-1.1552778,-0.5780898,0.272226
2025-02-05 01:00:00,-1.2591147,-0.5938489,0.21115929
2025-02-05 02:00:00,-1.2663007,-0.6809851,0.35914433
2025-02-05 03:00:00,-1.1509677,-0.5022101,0.26392233
2025-02-05 04:00:00,-1.2172855,-0.44162416,0.2105549
2025-02-05 05:00:00,-1.1931853,-0.49789906,0.41910124
2025-02-05 06:00:00,-1.2096331,-0.76744175,0.3087701
2025-02-05 07:00:00,-1.1786888,-0.60462785,0.33335906
2025-02-05 08:00:00,-1.1660637,-0.5739351,0.38369563
2025-02-05 09:00:00,-1.3490479,-0.7491529,0.48612422
2025-02-05 10:00:00,-1.1343777,-0.7292069,0.41061985
2025-02-05 11:00:00,-1.2594635,-0.9224714,0.3273641
2025-02-05 12:00:00,-1.2890698,-0.7648156,0.4810511
2025-02-05 13:00:00,-1.1707301,-0.8953377,0.41295275
2025-02-05 14:00:00,-1.1512978,-0.8181653,0.61695886
2025-02-05 15:00:00,-1.2050455,-0.9826875,0.4799603
2025-02-05 16:00:00,-1.0742229,-0.83778316,0.3153181
2025-02-05 17:00:00,-1.2388126,-0.8224316,0.5367256
2025-02-05 18:00:00,-1.1543233,-0.9899794,0.67765284
2025-02-05 19:00:00,-1.1584826,-1.0409576,0.66203856
2025-02-05 20:00:00,-1.1049439,-1.1449025,0.69624555
2025-02-05 21:00:00,-1.0680327,-1.0158825,0.48191118
2025-02-05 22:00:00,-1.1597037,-1.0629711,0.65009844
2025-02-05 23:00:00,-1.0094646,-1.1621182,0.5329092
2025-02-06 00:00:00,-1.0503114,-1.0231,0.6220559
2025-02-06 01:00:00,-1.1942629,-1.1163523,0.51561624
2025-02-06 02:00:00,-1.1867645,-1.1871241,0.57912576
2025-02-06 03:00:00,-1.0178524,-1.1658349,0.58969665
2025-02-06 04:00:00,-1.0209533,-1.055856,0.7286738
2025-02-06 05:00:00,-0.9975835,-1.1130979,0.73371214
2025-02-06 06:00:00,-0.9772094,-1.1911827,0.7045357
2025-02-06 07:00:00,-0.94222057,-1.1503698,0.586952
2025-02-06 08:00:00,-0.86938095,-1.3115525,0.6825083
2025-02-06 09:00:00,-1.018649,-1.2345296,0.66005546
2025-02-06 10:00:00,-1.0077281,-1.243426,0.80147064
2025-02-06 11:00:00,-0.98529536,-1.3105385,0.838143
2025-02-06 12:00:00,-0.8582245,-1.2554988,0.84022886
2025-02-06 13:00:00,-0.7649073,-1.3697876,0.70695865
2025-02-06 14:00:00,-0.88183475,-1.28322,0.55969846
2025-02-06 15:00:00,-1.0299529,-1.2961354,0.6488096
2025-02-06 16:00:00,-0.94829774,-1.5895575,0.91501766
2025-02-06 17:00:00,-0.86045474,-1.2764786,0.7801187
2025-02-06 18:00:00,-0.8199443,-1.630645,0.76289845
2025-02-06 19:00:00,-0.78919464,-1.4508586,0.9649074
2025-02-06 20:00:00,-0.7343267,-1.3338915,0.9450408
2025-02-06 21:00:00,-0.7429352,-1.4552472,0.85590976
2025-02-06 22:00:00,-0.61433226,-1.5606999,0.84039456
2025-02-06 23:00:00,-0.7323495,-1.5440384,0.86299384
2025-02-07 00:00:00,-0.72695637,-1.3871074,0.9012082
2025-02-07 01:00:00,-0.59907824,-1.6352879,1.0202856
2025-02-07 02:00:00,-0.7393802,-1.403136,0.93509513
2025-02-07 03:00:00,-0.5642246,-1.509329,0.9681603
2025-02-07 04:00:00,-0.5658003,-1.6113527,1.0121622
2025-02-07 05:00:00,-0.5641484,-1.5732222,0.83334446
2025-02-07 06:00:00,-0.40338415,-1.6181313,0.9953589
2025-02-07 07:00:00,-0.5580714,-1.4772012,0.91920495
2025-02-07 08:00:00,-0.32107776,-1.4972142,0.7490285
2025-02-07 09:00:00,-0.48131245,-1.7022107,0.78734887
2025-02-07 10:00:00,-0.54258573,-1.6053935,0.88317853
2025-02-07 11:00:00,-0.411759,-1.6501434,1.0138842
2025-02-07 12:00:00,-0.48016483,-1.4851453,0.98698026
2025-02-07 13:00:00,-0.4307146,-1.7037218,0.998843
2025-02-07 14:00:00,-0.31511757,-1.4740143,1.1461107
2025-02-07 15:00:00,-0.27854687,-1.6112026,0.89417064
2025-02-07 16:00:00,-0.34869605,-1.7072262,0.99888384
2025-02-07 17:00:00,-0.19567873,-1.673731,1.0305288
2025-02-07 18:00:00,-0.15765041,-1.6884999,0.9520795
2025-02-07 19:00:00,-0.11075927,-1.7307041,1.0177646
2025-02-07 20:00:00,-0.15856764,-1.625054,0.8917265
2025-02-07 21:00:00,-0.066951856,-1.7343204,1.136443
2025-02-07 22:00:00,-0.30145615,-1.8135027,0.97275114
2025-02-07 23:00:00,-0.15125291,-1.6719742,1.1931214
2025-02-08 00:00:00,-0.16988352,-1.7878935,1.0310376
2025-02-08 01:00:00,-0.06556577,-1.7054425,1.1186012
2025-02-08 02:00:00,-0.09528823,-1.719141,1.0345073
2025-02-08 03:00:00,-0.03723183,-1.7167921,1.0384171
2025-02-08 04:00:00,0.15236793,-1.487239,0.99594885
2025-02-08 05:00:00,0.014036693,-1.6425637,1.0536833
2025-02-08 06:00:00,0.08662157,-1.6267474,1.0707614
2025-02-08 07:00:00,0.060911097,-1.7873302,0.9834335
2025-02-08 08:00:00,0.111593194,-1.6959174,1.0367066
2025-02-08 09:00:00,0.13211682,-1.6243011,0.9981199
2025-02-08 10:00:00,0.19365308,-1.7209553,1.2307994
2025-02-08 11:00:00,0.27720246,-1.5633606,1.0392262
2025-02-08 12:00:00,0.3419976,-1.7287793,1.1692804
2025-02-08 13:00:00,0.26123026,-1.6515787,1.0289472
2025-02-08 14:00:00,0.30989525,-1.6712085,1.0639527
2025-02-08 15:00:00,0.19694582,-1.6063844,0.93578976
2025-02-08 16:00:00,0.30826765,-1.6655278,1.0036993
2025-02-08 17:00:00,0.41680136,-1.6302729,1.0539497
2025-02-08 18:00:00,0.4371205,-1.6213627,1.1613051
2025-02-08 19:00:00,0.41101724,-1.6546527,1.0491769
2025-02-08 20:00:00,0.49121287,-1.550087,1.1387854
2025-02-08 21:00:00,0.48574126,-1.562379,1.0756915
2025-02-08 22:00:00,0.5686354,-1.5806638,1.1506472
2025-02-08 23:00:00,0.5218393,-1.5997049,1.0114299
2025-02-09 00:00:00,0.49624997,-1.4928122,1.2027463
2025-02-09 01:00:00,0.5775223,-1.5662464,0.9677497
2025-02-09 02:00:00,0.34207922,-1.5623395,0.9399959
2025-02-09 03:00:00,0.6329423,-1.5194358,0.8989192
2025-02-09 04:00:00,0.33613217,-1.3816769,1.1762965
2025-02-09 05:00:00,0.515718,-1.6138182,1.0491433
2025-02-09 06:00:00,0.7152208,-1.433779,0.9503119
2025-02-09 07:00:00,0.74264723,-1.6351998,1.0701027
2025-02-09 08:00:00,0.6366941,-1.4543431,1.0180202
2025-02-09 09:00:00,0.6978287,-1.3333062,1.1128058
2025-02-09 10:00:00,0.889412,-1.4074159,0.82388824
2025-02-09 11:00:00,0.7658688,-1.4196725,0.9183764
2025-02-09 12:00:00,1.0086944,-1.4645917,0.8941842
2025-02-09 13:00:00,0.85361433,-1.4033303,0.76456696
2025-02-09 14:00:00,0.9107451,-1.4116666,0.99826074
2025-02-09 15:00:00,1.0316119,-1.4397006,0.8824732
2025-02-09 16:00:00,0.9367171,-1.3849759,0.9536466
2025-02-09 17:00:00,0.8698301,-1.3305204,1.0733324
2025-02-09 18:00:00,0.9648199,-1.3920265,0.84607244
2025-02-09 19:00:00,0.9941258,-1.3790619,0.83012724
2025-02-09 20:00:00,0.9109561,-1.4069517,0.8625136
2025-02-09 21:00:00,1.0226107,-1.2501136,0.9209143
2025-02-09 22:00:00,1.006413,-1.2206571,0.7852285
2025-02-09 23:00:00,1.1622158,-1.2283394,0.7684398
2025-02-10 00:00:00,1.1132715,-1.1519321,0.8915676
2025-02-10 01:00:00,1.1098672,-1.2040793,0.82508355
2025-02-10 02:00:00,1.1457295,-1.1614046,0.6187453
2025-02-10 03:00:00,1.1935425,-1.1498214,0.67155826
2025-02-10 04:00:00,1.2462403,-1.162519,0.876689
2025-02-10 05:00:00,1.1378441,-1.1784474,0.77548826
2025-02-10 06:00:00,1.1551402,-0.9393526,0.66884553
2025-02-10 07:00:00,1.3471975,-1.1328732,0.7024241
2025-02-10 08:00:00,1.2459006,-1.1299541,0.70310384
2025-02-10 09:00:00,1.1853031,-1.0216708,0.7466497
2025-02-10 10:00:00,1.353614,-1.0156984,0.5646338
2025-02-10 11:00:00,1.3743227,-1.12744,0.5912904
2025-02-10 12:00:00,1.2336243,-0.90421337,0.6654422
2025-02-10 13:00:00,1.3929453,-0.98030055,0.6204321
2025-02-10 14:00:00,1.4516078,-1.0401562,0.6587589
2025-02-10 15:00:00,1.4405532,-0.8344742,0.49902356
2025-02-10 16:00:00,1.4786601,-0.857612,0.6101175
2025-02-10 17:00:00,1.3329159,-0.9867108,0.652826
2025-02-10 18:00:00,1.4885445,-0.72106075,0.5881971
2025-02-10 19:00:00,1.4543014,-0.78803086,0.5439332
2025-02-10 20:00:00,1.4559749,-0.8188685,0.5084932
2025-02-10 21:00:00,1.5799664,-0.66797984,0.4325474
2025-02-10 22:00:00,1.6440163,-0.7594318,0.47656602
2025-02-10 23:00:00,1.6842027,-0.7512417,0.5659117
2025-02-11 00:00:00,1.6604357,-0.7784876,0.43825334
2025-02-11 01:00:00,1.5606883,-0.6556406,0.3590629
2025-02-11 02:00:00,1.6115129,-0.640447,0.3731756
2025-02-11 03:00:00,1.6580764,-0.65366435,0.4107789
2025-02-11 04:00:00,1.619465,-0.6941757,0.3468328
2025-02-11 05:00:00,1.6328712,-0.5966101,0.39739618
2025-02-11 06:00:00,1.7005475,-0.58851135,0.3821179
2025-02-11 07:00:00,1.6417338,-0.66543114,0.3929957
2025-02-11 08:00:00,1.599553,-0.6522346,0.41721857
2025-02-11 09:00:00,1.6357424,-0.46493232,0.36433706
2025-02-11 10:00:00,1.7302015,-0.693877,0.19114745
2025-02-11 11:00:00,1.689896,-0.44480866,0.17471159
2025-02-11 12:00:00,1.7266186,-0.4749458,0.22193587
2025-02-11 13:00:00,1.762328,-0.30744466,0.17280827
2025-02-11 14:00:00,1.6876242,-0.42694998,0.09865023
2025-02-11 15:00:00,1.7865714,-0.31004265,0.13510484
2025-02-11 16:00:00,1.764405,-0.3698595,0.11312646
2025-02-11 17:00:00,1.6429036,-0.3042932,0.07791084
2025-02-11 18:00:00,1.8642255,-0.22972216,0.086898595
2025-02-11 19:00:00,1.7154952,-0.3009469,0.18687907
2025-02-11 20:00:00,1.6294191,-0.15949664,0.088929564
2025-02-11 21:00:00,1.6840525,-0.2940085,0.2510695
2025-02-11 22:00:00,1.6913561,-0.16625771,0.047260396
2025-02-11 23:00:00,1.7821523,-0.091355115,-0.009329318
2025-02-12 00:00:00,1.7605618,-0.08773844,-0.005569732
2025-02-12 01:00:00,1.7595661,0.03735221,-0.0051776096
2025-02-12 02:00:00,1.8396827,-0.15251243,-0.010693081
2025-02-12 03:00:00,1.8204398,-0.17730285,0.10079556
2025-02-12 04:00:00,1.8212268,-0.122118756,-0.15280011
2025-02-12 05:00:00,1.8309711,0.034587335,-0.03628076
2025-02-12 06:00:00,1.8492662,0.045827035,-0.10820873
2025-02-12 07:00:00,1.6326773,0.038324784,-0.27032703
2025-02-12 08:00:00,1.7730457,-0.035639055,-0.102773346
2025-02-12 09:00:00,1.6282192,0.13949493,-0.08278273
2025-02-12 10:00:00,1.8055044,0.0040045083,-0.27249706
2025-02-12 11:00:00,1.8017818,0.21841213,-0.22432658
2025-02-12 12:00:00,1.884877,0.37788153,-0.3812853
2025-02-12 13:00:00,1.8948772,0.20205575,-0.36355639
2025-02-12 14:00:00,1.814272,0.24269958,-0.19854212
2025-02-12 15:00:00,1.755756,0.17978434,-0.3391675
